<?xml version="1.0" encoding="UTF-8"?>
<project-private xmlns="http://www.netbeans.org/ns/project-private/1">
    <editor-bookmarks xmlns="http://www.netbeans.org/ns/editor-bookmarks/2" lastBookmarkId="0"/>
    <open-files xmlns="http://www.netbeans.org/ns/projectui-open-files/2">
        <group>
            <file>file:/C:/Users/javie/Desktop/Semestre%202/Fundamentos%20Programacion/Clases/Tarea_JarradeCafe/src/tarea_jarradecafe/Cafetera.java</file>
            <file>file:/C:/Users/javie/Desktop/Semestre%202/Fundamentos%20Programacion/Clases/Tarea_JarradeCafe/src/tarea_jarradecafe/Tarea_JarradeCafe.java</file>
        </group>
    </open-files>
</project-private>
