<?xml version="1.0" encoding="UTF-8"?>
<project-private xmlns="http://www.netbeans.org/ns/project-private/1">
    <editor-bookmarks xmlns="http://www.netbeans.org/ns/editor-bookmarks/2" lastBookmarkId="0"/>
    <open-files xmlns="http://www.netbeans.org/ns/projectui-open-files/2">
        <group>
            <file>file:/C:/Users/javie/Desktop/UFR0/Semestre%202/Fundamentos%20Programacion/Clases/3-DependenciayAsociatividad_Colegio/src/PacketeColegio/Asignatura.java</file>
            <file>file:/C:/Users/javie/Desktop/UFR0/Semestre%202/Fundamentos%20Programacion/Clases/3-DependenciayAsociatividad_Colegio/Captura.jpg</file>
            <file>file:/C:/Users/javie/Desktop/UFR0/Semestre%202/Fundamentos%20Programacion/Clases/3-DependenciayAsociatividad_Colegio/src/PacketeColegio/Alumno.java</file>
            <file>file:/C:/Users/javie/Desktop/UFR0/Semestre%202/Fundamentos%20Programacion/Clases/3-DependenciayAsociatividad_Colegio/src/PacketeColegio/Profesor.java</file>
            <file>file:/C:/Users/javie/Desktop/UFR0/Semestre%202/Fundamentos%20Programacion/Clases/3-DependenciayAsociatividad_Colegio/src/PacketeColegio/Direccion.java</file>
            <file>file:/C:/Users/javie/Desktop/UFR0/Semestre%202/Fundamentos%20Programacion/Clases/3-DependenciayAsociatividad_Colegio/src/PacketeColegio/Colegio.java</file>
        </group>
    </open-files>
</project-private>
